0,English teacher needed - TEACH FROM HOME
1,Business Development Specialist
2,CDL A DRIVER Start at: 0.65$ Flatbed CN & 0.57$ Dry van !!!
3,Talent Scount / Research Analyst
4,Networking Engineer
5,freelance writer(working at home)
6,freelance writer(working at home)
7,freelance writers (working at home)
8,freelance writers (working at home)
9,freelance writer(working at home)
10,freelance writer(working at home)
11,freelance writer(working at home)
12,Remote English Content Writer
13,Looking For an Online Brand Promoter
14,Video Editor - Premier Pro - Remote
15,Driver from Mumbai to Pune
16,freelance writer(working at home)
17,Swagat Sweets and Bakers
18,Digital Marketing Executive
19,Need Sales Manager
20,Need Highly Skilled 2D & 3D Artists
21,Digital Marketing Strategist
22,Digital Marketing Intern
23,Need Good English Content Writers
24,freelance writer(working at home)
25,App developers needed
26,Social Media Executive
27,Sales Development Manager
28,freelance writer(working at home)
29,freelance writer(working at home)
30,Looking For Someone Who Can Approve Our Film On OTT Platforms
31,Freelance content writers wanted
32,Seo analyst
33,Filemaker Developer
34,freelance writer(working at home)
35,UK Visa and passports
36,USA Sales and Operations
37,Website maintenance service
38,A free way to make money online
39,Recruitment Consultant
40,freelance writer(working at home)
41,Captcha Typing
42,Instore promoter
43,Drupal  developer.
44,Recruitment Consultant
45,WFH Full-time writers
46,openings in Top MNC Companies
47,freelance writer(working at home)
48,openings in Top MNC Companies
49,openings in Top MNC Companies
50,Remote PHP Developer
51,QA Analyst
52,openings in Top MNC Companies
53,openings in Top MNC Companies
54,Used Infiniti QX56 engines for sale in USA
55,openings in Top MNC Companies
56,"Used Car Engines,Transmissions for Sale in USA-Low Price With Warranty"
57,Php/Wordpress Coder
58,openings in Top MNC Companies
59,openings in Top MNC Companies
60,openings in Top MNC Companies
61,Flutter Developer Needed
62,openings in Top MNC Companies
63,openings in Top MNC Companies
64,openings in Top MNC Companies
65,openings in Top MNC Companies
66,openings in Top MNC Companies
67,openings in Top MNC Companies
68,Tips to earn Rs. 200/- Per hour From Mobile | BPO JOB Training | 1872
69,openings in Top MNC Companies
70,Freelance writer needed
71,openings in Top MNC Companies
72,freelance writer(working at home)
73,openings in Top MNC Companies
74,Govt Registered Free Online Works Available - Earn Rs.1000/- daily fro
75,openings in Top MNC Companies
76,openings in Top MNC Companies
77,openings in Top MNC Companies
78,openings in Top MNC Companies
79,freelance writer(working at home)
80,freelance writer(working at home)
81,TAILORING TEACHER FOR  VISITING NEW YORKER
82,openings in Top MNC Companies
83,Oprnings in Top MNC Companies
84,Permanent Staffing | Best hr consultancy in Bangalore
85,Openings in Top MNC Companies
86,Openings in Top MNC Companies
87,Openings in Top MNC Companies
88,"spa for girls,housewives,aunties"
89,Openings in Top MNC Companies
90,Director/ Investor for a chain of Dental clinics
91,Openings in Top MNC Companies
92,"Looking for ERP Trainers(SAP, Sage, Acumatica and Odoo)"
93,Openings In Top MNC Companies
94,Openings in Top MNC Companies
0,English teacher needed - TEACH FROM HOME
1,Business Development Specialist
2,CDL A DRIVER Start at: 0.65$ Flatbed CN & 0.57$ Dry van !!!
3,Talent Scount / Research Analyst
4,Networking Engineer
5,freelance writer(working at home)
6,freelance writer(working at home)
7,freelance writers (working at home)
8,freelance writers (working at home)
9,freelance writer(working at home)
10,freelance writer(working at home)
11,freelance writer(working at home)
12,Remote English Content Writer
13,Looking For an Online Brand Promoter
14,Video Editor - Premier Pro - Remote
15,Driver from Mumbai to Pune
16,freelance writer(working at home)
17,Swagat Sweets and Bakers
18,Digital Marketing Executive
19,Need Sales Manager
20,Need Highly Skilled 2D & 3D Artists
21,Digital Marketing Strategist
22,Digital Marketing Intern
23,Need Good English Content Writers
24,freelance writer(working at home)
25,App developers needed
26,Social Media Executive
27,Sales Development Manager
28,freelance writer(working at home)
29,freelance writer(working at home)
30,Looking For Someone Who Can Approve Our Film On OTT Platforms
31,Freelance content writers wanted
32,Seo analyst
33,Filemaker Developer
34,freelance writer(working at home)
35,UK Visa and passports
36,USA Sales and Operations
37,Website maintenance service
38,A free way to make money online
39,Recruitment Consultant
40,freelance writer(working at home)
41,Captcha Typing
42,Instore promoter
43,Drupal  developer.
44,Recruitment Consultant
45,WFH Full-time writers
46,openings in Top MNC Companies
47,freelance writer(working at home)
48,openings in Top MNC Companies
49,openings in Top MNC Companies
50,Remote PHP Developer
51,QA Analyst
52,openings in Top MNC Companies
53,openings in Top MNC Companies
54,Used Infiniti QX56 engines for sale in USA
55,openings in Top MNC Companies
56,"Used Car Engines,Transmissions for Sale in USA-Low Price With Warranty"
57,Php/Wordpress Coder
58,openings in Top MNC Companies
59,openings in Top MNC Companies
60,openings in Top MNC Companies
61,Flutter Developer Needed
62,openings in Top MNC Companies
63,openings in Top MNC Companies
64,openings in Top MNC Companies
65,openings in Top MNC Companies
66,openings in Top MNC Companies
67,openings in Top MNC Companies
68,Tips to earn Rs. 200/- Per hour From Mobile | BPO JOB Training | 1872
69,openings in Top MNC Companies
70,Freelance writer needed
71,openings in Top MNC Companies
72,freelance writer(working at home)
73,openings in Top MNC Companies
74,Govt Registered Free Online Works Available - Earn Rs.1000/- daily fro
75,openings in Top MNC Companies
76,openings in Top MNC Companies
77,openings in Top MNC Companies
78,openings in Top MNC Companies
79,freelance writer(working at home)
80,freelance writer(working at home)
81,TAILORING TEACHER FOR  VISITING NEW YORKER
82,openings in Top MNC Companies
83,Oprnings in Top MNC Companies
84,Permanent Staffing | Best hr consultancy in Bangalore
85,Openings in Top MNC Companies
86,Openings in Top MNC Companies
87,Openings in Top MNC Companies
88,"spa for girls,housewives,aunties"
89,Openings in Top MNC Companies
90,Director/ Investor for a chain of Dental clinics
91,Openings in Top MNC Companies
92,"Looking for ERP Trainers(SAP, Sage, Acumatica and Odoo)"
93,Openings In Top MNC Companies
94,Openings in Top MNC Companies
0,English teacher needed - TEACH FROM HOME
1,Business Development Specialist
2,CDL A DRIVER Start at: 0.65$ Flatbed CN & 0.57$ Dry van !!!
3,Talent Scount / Research Analyst
4,Networking Engineer
5,freelance writer(working at home)
6,freelance writer(working at home)
7,freelance writers (working at home)
8,freelance writers (working at home)
9,freelance writer(working at home)
10,freelance writer(working at home)
11,freelance writer(working at home)
12,Remote English Content Writer
13,Looking For an Online Brand Promoter
14,Video Editor - Premier Pro - Remote
15,Driver from Mumbai to Pune
16,freelance writer(working at home)
17,Swagat Sweets and Bakers
18,Digital Marketing Executive
19,Need Sales Manager
20,Need Highly Skilled 2D & 3D Artists
21,Digital Marketing Strategist
22,Digital Marketing Intern
23,Need Good English Content Writers
24,freelance writer(working at home)
25,App developers needed
26,Social Media Executive
27,Sales Development Manager
28,freelance writer(working at home)
29,freelance writer(working at home)
30,Looking For Someone Who Can Approve Our Film On OTT Platforms
31,Freelance content writers wanted
32,Seo analyst
33,Filemaker Developer
34,freelance writer(working at home)
35,UK Visa and passports
36,USA Sales and Operations
37,Website maintenance service
38,A free way to make money online
39,Recruitment Consultant
40,freelance writer(working at home)
41,Captcha Typing
42,Instore promoter
43,Drupal  developer.
44,Recruitment Consultant
45,WFH Full-time writers
46,openings in Top MNC Companies
47,freelance writer(working at home)
48,openings in Top MNC Companies
49,openings in Top MNC Companies
50,Remote PHP Developer
51,QA Analyst
52,openings in Top MNC Companies
53,openings in Top MNC Companies
54,Used Infiniti QX56 engines for sale in USA
55,openings in Top MNC Companies
56,"Used Car Engines,Transmissions for Sale in USA-Low Price With Warranty"
57,Php/Wordpress Coder
58,openings in Top MNC Companies
59,openings in Top MNC Companies
60,openings in Top MNC Companies
61,Flutter Developer Needed
62,openings in Top MNC Companies
63,openings in Top MNC Companies
64,openings in Top MNC Companies
65,openings in Top MNC Companies
66,openings in Top MNC Companies
67,openings in Top MNC Companies
68,Tips to earn Rs. 200/- Per hour From Mobile | BPO JOB Training | 1872
69,openings in Top MNC Companies
70,Freelance writer needed
71,openings in Top MNC Companies
72,freelance writer(working at home)
73,openings in Top MNC Companies
74,Govt Registered Free Online Works Available - Earn Rs.1000/- daily fro
75,openings in Top MNC Companies
76,openings in Top MNC Companies
77,openings in Top MNC Companies
78,openings in Top MNC Companies
79,freelance writer(working at home)
80,freelance writer(working at home)
81,TAILORING TEACHER FOR  VISITING NEW YORKER
82,openings in Top MNC Companies
83,Oprnings in Top MNC Companies
84,Permanent Staffing | Best hr consultancy in Bangalore
85,Openings in Top MNC Companies
86,Openings in Top MNC Companies
87,Openings in Top MNC Companies
88,"spa for girls,housewives,aunties"
89,Openings in Top MNC Companies
90,Director/ Investor for a chain of Dental clinics
91,Openings in Top MNC Companies
92,"Looking for ERP Trainers(SAP, Sage, Acumatica and Odoo)"
93,Openings In Top MNC Companies
94,Openings in Top MNC Companies
0,English teacher needed - TEACH FROM HOME
1,Business Development Specialist
2,CDL A DRIVER Start at: 0.65$ Flatbed CN & 0.57$ Dry van !!!
3,Talent Scount / Research Analyst
4,Networking Engineer
5,freelance writer(working at home)
6,freelance writer(working at home)
7,freelance writers (working at home)
8,freelance writers (working at home)
9,freelance writer(working at home)
10,freelance writer(working at home)
11,freelance writer(working at home)
12,Remote English Content Writer
13,Looking For an Online Brand Promoter
14,Video Editor - Premier Pro - Remote
15,Driver from Mumbai to Pune
16,freelance writer(working at home)
17,Swagat Sweets and Bakers
18,Digital Marketing Executive
19,Need Sales Manager
20,Need Highly Skilled 2D & 3D Artists
21,Digital Marketing Strategist
22,Digital Marketing Intern
23,Need Good English Content Writers
24,freelance writer(working at home)
25,App developers needed
26,Social Media Executive
27,Sales Development Manager
28,freelance writer(working at home)
29,freelance writer(working at home)
30,Looking For Someone Who Can Approve Our Film On OTT Platforms
31,Freelance content writers wanted
32,Seo analyst
33,Filemaker Developer
34,freelance writer(working at home)
35,UK Visa and passports
36,USA Sales and Operations
37,Website maintenance service
38,A free way to make money online
39,Recruitment Consultant
40,freelance writer(working at home)
41,Captcha Typing
42,Instore promoter
43,Drupal  developer.
44,Recruitment Consultant
45,WFH Full-time writers
46,openings in Top MNC Companies
47,freelance writer(working at home)
48,openings in Top MNC Companies
49,openings in Top MNC Companies
50,Remote PHP Developer
51,QA Analyst
52,openings in Top MNC Companies
53,openings in Top MNC Companies
54,Used Infiniti QX56 engines for sale in USA
55,openings in Top MNC Companies
56,"Used Car Engines,Transmissions for Sale in USA-Low Price With Warranty"
57,Php/Wordpress Coder
58,openings in Top MNC Companies
59,openings in Top MNC Companies
60,openings in Top MNC Companies
61,Flutter Developer Needed
62,openings in Top MNC Companies
63,openings in Top MNC Companies
64,openings in Top MNC Companies
65,openings in Top MNC Companies
66,openings in Top MNC Companies
67,openings in Top MNC Companies
68,Tips to earn Rs. 200/- Per hour From Mobile | BPO JOB Training | 1872
69,openings in Top MNC Companies
70,Freelance writer needed
71,openings in Top MNC Companies
72,freelance writer(working at home)
73,openings in Top MNC Companies
74,Govt Registered Free Online Works Available - Earn Rs.1000/- daily fro
75,openings in Top MNC Companies
76,openings in Top MNC Companies
77,openings in Top MNC Companies
78,openings in Top MNC Companies
79,freelance writer(working at home)
80,freelance writer(working at home)
81,TAILORING TEACHER FOR  VISITING NEW YORKER
82,openings in Top MNC Companies
83,Oprnings in Top MNC Companies
84,Permanent Staffing | Best hr consultancy in Bangalore
85,Openings in Top MNC Companies
86,Openings in Top MNC Companies
87,Openings in Top MNC Companies
88,"spa for girls,housewives,aunties"
89,Openings in Top MNC Companies
90,Director/ Investor for a chain of Dental clinics
91,Openings in Top MNC Companies
92,"Looking for ERP Trainers(SAP, Sage, Acumatica and Odoo)"
93,Openings In Top MNC Companies
94,Openings in Top MNC Companies
English teacher needed - TEACH FROM HOME
Business Development Specialist
CDL A DRIVER Start at: 0.65$ Flatbed CN & 0.57$ Dry van !!!
Talent Scount / Research Analyst
Networking Engineer
freelance writer(working at home)
freelance writer(working at home)
freelance writers (working at home)
freelance writers (working at home)
freelance writer(working at home)
freelance writer(working at home)
freelance writer(working at home)
Remote English Content Writer
Looking For an Online Brand Promoter
Video Editor - Premier Pro - Remote
Driver from Mumbai to Pune
freelance writer(working at home)
Swagat Sweets and Bakers
Digital Marketing Executive
Need Sales Manager
Need Highly Skilled 2D & 3D Artists
Digital Marketing Strategist
Digital Marketing Intern
Need Good English Content Writers
freelance writer(working at home)
App developers needed
Social Media Executive
Sales Development Manager
freelance writer(working at home)
freelance writer(working at home)
Looking For Someone Who Can Approve Our Film On OTT Platforms
Freelance content writers wanted
Seo analyst
Filemaker Developer
freelance writer(working at home)
UK Visa and passports
USA Sales and Operations
Website maintenance service
A free way to make money online
Recruitment Consultant
freelance writer(working at home)
Captcha Typing
Instore promoter
Drupal  developer.
Recruitment Consultant
WFH Full-time writers
openings in Top MNC Companies
freelance writer(working at home)
openings in Top MNC Companies
openings in Top MNC Companies
Remote PHP Developer
QA Analyst
openings in Top MNC Companies
openings in Top MNC Companies
Used Infiniti QX56 engines for sale in USA
openings in Top MNC Companies
"Used Car Engines,Transmissions for Sale in USA-Low Price With Warranty"
Php/Wordpress Coder
openings in Top MNC Companies
openings in Top MNC Companies
openings in Top MNC Companies
Flutter Developer Needed
openings in Top MNC Companies
openings in Top MNC Companies
openings in Top MNC Companies
openings in Top MNC Companies
openings in Top MNC Companies
openings in Top MNC Companies
Tips to earn Rs. 200/- Per hour From Mobile | BPO JOB Training | 1872
openings in Top MNC Companies
Freelance writer needed
openings in Top MNC Companies
freelance writer(working at home)
openings in Top MNC Companies
Govt Registered Free Online Works Available - Earn Rs.1000/- daily fro
openings in Top MNC Companies
openings in Top MNC Companies
openings in Top MNC Companies
openings in Top MNC Companies
freelance writer(working at home)
freelance writer(working at home)
TAILORING TEACHER FOR  VISITING NEW YORKER
openings in Top MNC Companies
Oprnings in Top MNC Companies
Permanent Staffing | Best hr consultancy in Bangalore
Openings in Top MNC Companies
Openings in Top MNC Companies
Openings in Top MNC Companies
"spa for girls,housewives,aunties"
Openings in Top MNC Companies
Director/ Investor for a chain of Dental clinics
Openings in Top MNC Companies
"Looking for ERP Trainers(SAP, Sage, Acumatica and Odoo)"
Openings In Top MNC Companies
Openings in Top MNC Companies
